{
    "Name": "A Polish Electroencephalography, Alzheimer’s Risk-genes, Lifestyle and Neuroimaging (PEARL-Neuro) Database",
    "BIDSVersion": "1.0.2",
    "License": "CC0",
    "Authors": [
        "Dzianok Patrycja",
        "Kublik Ewa"
    ],
    "HowToAcknowledge": "Please cite this paper: [the link will appear soon]",
    "Funding": [
        "Polish National Science Center (NCN) grant no. 2018/31/N/HS6/03551"
    ],
    "EthicsApprovals": [
        "This study was approved by the Bioethics Committee of the Nicolaus Copernicus University in Toruń at the Ludwik Rydygier Collegium Medicum in Bydgoszcz, Poland (KB 684/2019)"
    ],
    "DatasetDOI": "doi:10.18112/openneuro.ds004796.v1.0.5",
    "Genetics": {
        "Dataset": "https://openneuro.org/datasets/ds004796",
        "Database": "https://openneuro.org/datasets/ds004796"
    }
}